name,phone,link
Bank of North Dakota,(800) 472-2166,http://banknd.nd.gov
Carroll College,(406) 447-5423,http://www.carroll.edu
Dawson Community College,(406) 377-3396,http://www.dawson.edu/
Flathead Valley Community College,(406) 756-3849,http://www.fvcc.edu
Great Falls College Montana State University,(406) 771-4334,http://gfcmsu.edu
Great Lakes Higher Education Corporation,(888) 502-5906,https://www.mygreatlakes.org/
Health Works Institute,(406) 582-1555,http://healthworks.edu
Helena College University of Montana,(406) 447-6900,http://www.umhelena.edu
Inceptia,(316) 305-5346,https://www.inceptia.org/
Miles Community College,(406) 874-6100,http://www.milescc.edu
Montana State University - Billings,(406) 657-2188,http://www.msubillings.edu
Montana State University - Bozeman,(406) 994-2845,http://www.montana.edu
Montana State University-Northern,(406) 265-3787,http://www.msun.edu
Montana Tech of The University of Montana,(406) 496-4212,http://www.mtech.edu
Reach Higher Montana,(877) 265-4463,http://www.reachhighermontana.org/
Rocky Mountain College,(406) 657-1031,http://www.rocky.edu
Sallie Mae,(800) 472-5543,https://www.salliemae.com
The University of Montana - Missoula,(406) 243-5373,http://life.umt.edu/finaid
The University of Montana - Western,(406) 683-7511,http://www.umwestern.edu
University of Great Falls,(800) 854-9544,http://www.ugf.edu
Northern Cheyenne Tribal Education Department ,(406) 477-6567,http://www.cheyennenation.com/education/programs.html
